step,time_sec,train_neg_log_ppl,val_neg_log_ppl
1,2.4337775707244873,-14.00952,
2,3.794220447540283,-14.264121,
3,5.204772472381592,-13.684013,
4,6.613078594207764,-12.910191,
5,8.027063608169556,-11.419189,
6,9.443533658981323,-9.693514,
7,10.854178667068481,-7.6310005,
8,12.270508289337158,-5.9582424,
9,13.685147047042847,-3.2951674,
10,15.106585502624512,-1.7533263,
11,16.52295160293579,-1.136375,
12,17.937748432159424,-1.1307018,
13,19.357537508010864,-1.6910337,
14,20.784168004989624,-2.0336187,
15,22.201221704483032,-1.9801927,
16,23.616268634796143,-1.9220376,
17,25.03030252456665,-2.0563133,
18,26.4390926361084,-2.8485446,
19,27.84312915802002,-2.684465,
20,29.244283437728882,-3.3159637,
21,30.642611503601074,-3.1207628,
22,32.04176664352417,-3.2395947,
23,33.44046330451965,-3.2564068,
24,34.838319540023804,-3.1459992,
25,36.22178936004639,-3.585579,
26,37.59867548942566,-4.378647,
27,38.97106146812439,-3.0235941,
28,40.34518241882324,-3.7149308,
29,41.71138072013855,-3.486312,
30,43.08659100532532,-4.1742754,
31,44.457964181900024,-4.044684,
32,45.820120096206665,-4.9979057,
33,47.18141770362854,-3.0395417,
34,48.547176122665405,-4.04713,
35,49.909584045410156,-4.801336,
36,51.269442558288574,-4.4003673,
37,52.623250246047974,-4.973521,
38,53.98134231567383,-4.8591094,
39,55.345653772354126,-3.9511359,
40,56.70038866996765,-6.184264,
41,58.05452060699463,-5.7661867,
42,59.40994954109192,-4.1614156,
43,60.762287616729736,-4.319054,
44,62.112250328063965,-4.881741,
45,63.459447383880615,-4.0368023,
46,64.80550122261047,-4.5392566,
47,66.15519404411316,-4.206589,
48,67.50373768806458,-4.6912074,
49,68.85460901260376,-3.6774333,
50,69.96035242080688,-4.5450063,
51,71.72363638877869,-4.7392225,
52,73.07520127296448,-4.2159867,
53,74.43012309074402,-4.5421367,
54,75.7805826663971,-4.14325,
55,77.12777996063232,-4.1091204,
56,78.47488379478455,-4.1367087,
57,79.8274314403534,-5.019482,
58,81.17677164077759,-3.5229256,
59,82.53255581855774,-4.3841577,
60,83.88139820098877,-3.96672,
61,85.23033595085144,-3.9551415,
62,86.5754930973053,-3.434634,
63,87.92813110351562,-4.603921,
64,89.27787756919861,-4.558923,
65,90.62781047821045,-4.108924,
66,91.98116660118103,-3.519375,
67,93.33072066307068,-3.4750223,
68,94.68483471870422,-4.4659495,
69,96.02985739707947,-4.1163874,
70,97.3795154094696,-4.4822536,
71,98.72683620452881,-3.9966674,
72,100.06953859329224,-3.8214595,
73,101.41716718673706,-3.865715,
74,102.77052569389343,-3.6594276,
75,104.11963653564453,-3.9314642,
76,105.46793031692505,-4.6182175,
77,106.81844329833984,-3.1461763,
78,108.17257022857666,-3.6915884,
79,109.52087330818176,-3.3923557,
80,110.86501479148865,-4.1190104,
81,112.21418929100037,-4.102419,
82,113.5645956993103,-4.789828,
83,114.91160106658936,-2.9642303,
84,116.26950407028198,-3.6218734,
85,117.61594271659851,-4.1726637,
86,118.96652722358704,-3.5701237,
87,120.32124853134155,-4.1505265,
88,121.67950534820557,-4.05652,
89,123.02973771095276,-3.41059,
90,124.3816978931427,-5.243908,
91,125.73193883895874,-4.796907,
92,127.08928442001343,-3.5345864,
93,128.44257354736328,-3.6218667,
94,129.79870796203613,-4.1054845,
95,131.15780425071716,-3.4612412,
96,132.516348361969,-4.113416,
97,133.87403059005737,-3.8625226,
98,135.2381353378296,-4.252124,
99,136.5956404209137,-3.3299026,
100,137.7071704864502,-4.198777,
101,139.47589659690857,-4.080146,
102,140.83631324768066,-3.8137245,
103,142.19659876823425,-4.114996,
104,143.55667686462402,-3.9834015,
105,144.91698122024536,-3.8649683,
106,146.28713989257812,-3.5740004,
107,147.65477776527405,-4.7282076,
108,149.01952028274536,-3.279523,
109,150.3905007839203,-4.063049,
110,151.76090121269226,-3.5244164,
111,153.13835453987122,-3.5067348,
112,154.51960968971252,-2.8444843,
113,155.89553546905518,-3.6672585,
114,157.27648735046387,-3.9332452,
115,158.66366696357727,-2.6469696,
116,160.05351209640503,-2.4915981,
117,161.4383544921875,-2.4148111,
118,162.83352327346802,-2.7034147,
119,164.23469138145447,-1.7920501,
120,165.6367383003235,-1.7223586,
121,167.03948855400085,-2.5735586,
122,168.44678783416748,-1.5177779,
123,169.86067128181458,-1.1958151,
124,171.27348637580872,-1.3147733,
125,172.6842164993286,-0.83370405,
126,174.09075045585632,-1.1013684,
127,175.49668049812317,-0.95248014,
128,176.90227961540222,-0.9741209,
129,178.30678009986877,-1.4457076,
130,179.71527671813965,-0.96363884,
131,181.11834931373596,-0.7765858,
132,182.52409315109253,-1.1020169,
133,183.9267144203186,-0.62549603,
134,185.33161425590515,-0.5655706,
135,186.74057292938232,-1.2257706,
136,188.14837503433228,-0.7290417,
137,189.55746865272522,-1.238709,
138,190.9641408920288,-0.9049408,
139,192.3730697631836,-0.8449791,
140,193.785151720047,-1.5368462,
141,195.1904752254486,-1.2018967,
142,196.59549593925476,-0.55565345,
143,197.9995892047882,-0.6543654,
144,199.40263509750366,-0.8370474,
145,200.80452680587769,-0.9254314,
146,202.20943641662598,-0.9659247,
147,203.61845421791077,-0.85357815,
148,205.0266764163971,-0.9521579,
149,206.43075728416443,-1.0749384,
150,207.57883739471436,-1.0593058,
151,209.3557574748993,-0.90403616,
152,210.75796389579773,-0.9227288,
153,212.16569471359253,-0.8294213,
154,213.57661843299866,-0.82528865,
155,214.9813678264618,-0.9126831,
156,216.39095449447632,-0.7592966,
157,217.80128598213196,-1.2806361,
158,219.20964407920837,-1.2236965,
159,220.60898351669312,-0.8019841,
160,222.01350855827332,-0.6684406,
161,223.41755390167236,-0.6353121,
162,224.82893252372742,-0.5522005,
163,226.23452496528625,-0.8131119,
164,227.6410174369812,-0.9575826,
165,229.0463514328003,-0.7350386,
166,230.4526343345642,-0.6458398,
167,231.86087584495544,-0.6232527,
168,233.26947164535522,-0.90482354,
169,234.67823839187622,-1.1068627,
170,236.0864064693451,-1.0610976,
171,237.49715209007263,-0.99534184,
172,238.90858936309814,-0.9154048,
173,240.31628942489624,-1.1511685,
174,241.72749996185303,-0.56852347,
175,243.13930940628052,-0.76131934,
176,244.550439119339,-0.8462022,
177,245.9637234210968,-0.5134333,
178,247.37589597702026,-0.61605555,
179,248.78635787963867,-0.698082,
180,250.20492458343506,-0.98945105,
181,251.62040495872498,-0.8484806,
182,253.03626704216003,-1.118577,
183,254.44911456108093,-0.55680734,
184,255.86216044425964,-0.9826287,
185,257.2816343307495,-1.2799242,
186,258.6962194442749,-0.9297476,
187,260.11105585098267,-0.894576,
188,261.5242557525635,-1.0133407,
189,262.94180059432983,-0.64252406,
190,264.3595509529114,-0.84390604,
191,265.77520537376404,-0.6221893,
192,267.1893746852875,-0.56596214,
193,268.6037130355835,-0.6527686,
194,270.01590728759766,-0.8350068,
195,271.431804895401,-0.6666814,
196,272.8470437526703,-0.6020876,
197,274.26389384269714,-0.47183526,
198,275.67451643943787,-0.62867707,
199,277.09323930740356,-0.7649161,
200,278.249395608902,-0.9959857,
201,280.016708612442,-0.65060353,
202,281.43630170822144,-0.6653992,
203,282.85085463523865,-0.78105044,
204,284.2650806903839,-0.75481176,
205,285.68609499931335,-0.86051464,
206,287.0993275642395,-0.6800782,
207,288.5145146846771,-1.0578372,
208,289.9302809238434,-0.63188654,
209,291.34776759147644,-0.6443187,
210,292.7605686187744,-0.6441933,
211,294.17689847946167,-0.7069587,
212,295.59253692626953,-0.58973324,
213,297.011114358902,-0.7028238,
214,298.4247877597809,-0.8147578,
215,299.8414647579193,-0.5313999,
216,301.2569942474365,-0.5209606,
217,302.6726894378662,-0.5683596,
218,304.09271121025085,-0.78704137,
219,305.5083830356598,-1.1993852,
220,306.9214220046997,-0.7471276,
221,308.3381721973419,-0.5569346,
222,309.7576427459717,-0.6491759,
223,311.1740810871124,-0.9921987,
224,312.5925326347351,-0.46386737,
225,314.0153169631958,-0.80732894,
226,315.43363642692566,-0.6775372,
227,316.85183548927307,-0.52002454,
228,318.2655870914459,-0.64059234,
229,319.6813678741455,-0.705124,
230,321.1048438549042,-0.65919554,
231,322.52129888534546,-0.5331384,
232,323.93594193458557,-1.0257881,
233,325.35305285453796,-0.43769956,
234,326.7714173793793,-0.5865784,
235,328.18754625320435,-0.92521644,
236,329.60468077659607,-0.6860023,
237,331.02070331573486,-0.7771456,
238,332.43847393989563,-0.72686964,
239,333.850870847702,-0.67966795,
240,335.26566648483276,-1.1635786,
241,336.68064546585083,-1.1040148,
242,338.09699153900146,-0.44139835,
243,339.5155725479126,-0.5585866,
244,340.93209052085876,-0.66048086,
245,342.3483395576477,-0.42662227,
246,343.7621147632599,-0.62571996,
247,345.18081760406494,-0.50822294,
248,346.5959541797638,-0.5408372,
249,348.0111610889435,-0.56593037,
250,349.1651260852814,-0.69144726,
251,350.91767168045044,-0.78878874,
252,352.33265352249146,-0.8668511,
253,353.74694561958313,-1.0392957,
254,355.1652100086212,-0.49716866,
255,356.58120346069336,-0.555799,
256,358.00362849235535,-0.39379814,
257,359.4208426475525,-0.6226934,
258,360.83210349082947,-0.4992768,
259,362.24982738494873,-0.73793507,
260,363.67043924331665,-0.47518605,
261,365.08498334884644,-1.1056105,
262,366.50188302993774,-0.27964973,
263,367.9181170463562,-0.407789,
264,369.3301875591278,-0.6666775,
265,370.7438383102417,-0.50119966,
266,372.16497826576233,-0.43088657,
267,373.58108925819397,-0.4118611,
268,374.9979510307312,-0.57590425,
269,376.4156663417816,-0.8063433,
270,377.83535957336426,-0.8820616,
271,379.24930477142334,-0.7060644,
272,380.66382479667664,-0.48319733,
273,382.08550667762756,-0.59213185,
274,383.50153040885925,-0.50018865,
275,384.91525316238403,-0.51929253,
276,386.33600068092346,-0.7029581,
277,387.7584376335144,-0.48842874,
278,389.17134857177734,-0.5456196,
279,390.58526372909546,-0.47159886,
280,391.99801540374756,-0.5653478,
281,393.4181852340698,-0.6640492,
282,394.8366045951843,-0.5316025,
283,396.2517650127411,-0.34070885,
284,397.66561579704285,-0.42691496,
285,399.0806083679199,-0.7439287,
286,400.4974308013916,-1.3937385,
287,401.9178845882416,-0.84548485,
288,403.3313937187195,-0.6951017,
289,404.7478952407837,-0.27805176,
290,406.1680495738983,-0.8903246,
291,407.5871341228485,-0.45657337,
292,409.0028817653656,-0.35527244,
293,410.4158561229706,-0.5241886,
294,411.8326120376587,-0.46196806,
295,413.2471468448639,-0.37785897,
296,414.662232875824,-0.55393916,
297,416.08087849617004,-0.35770616,
298,417.4991137981415,-0.19685325,
299,418.91826272010803,-0.56320316,
300,420.07415223121643,-0.71384925,
301,421.84977197647095,-0.43231624,
302,423.2689940929413,-0.5235059,
303,424.6850347518921,-0.5800717,
304,426.0981693267822,-0.3049407,
305,427.5125586986542,-0.5853663,
306,428.9332251548767,-0.70073545,
307,430.3547270298004,-1.2640518,
308,431.77436780929565,-0.61221457,
309,433.19218277931213,-0.40800098,
310,434.61113691329956,-0.61364895,
311,436.02844285964966,-0.4599245,
312,437.4463109970093,-0.49702603,
313,438.8631567955017,-0.4882117,
314,440.27705907821655,-0.5638661,
315,441.6917519569397,-0.47950011,
316,443.1108798980713,-0.60940605,
317,444.5287399291992,-0.25807118,
318,445.9439265727997,-0.33626473,
319,447.36151695251465,-0.6764813,
320,448.7819912433624,-0.33157817,
321,450.20096468925476,-0.44724783,
322,451.6142225265503,-0.2242888,
323,453.0319137573242,-0.3893137,
324,454.4512155056,-0.67257166,
325,455.8671188354492,-0.27560356,
326,457.28574085235596,-0.30674112,
327,458.7024965286255,-0.31202793,
328,460.11635661125183,-0.38477203,
329,461.53389739990234,-0.41021448,
330,462.9521758556366,-0.46511993,
331,464.367840051651,-0.2785859,
332,465.77984833717346,-0.8208164,
333,467.1976933479309,-0.18281707,
334,468.61478447914124,-0.5171699,
335,470.02794218063354,-0.8322498,
336,471.44797587394714,-0.2955125,
337,472.8651967048645,-0.439897,
338,474.2838342189789,-1.2617179,
339,475.6983127593994,-0.37291688,
340,477.1144824028015,-0.8104861,
341,478.53202271461487,-1.8951622,
342,479.9505009651184,-0.1631925,
343,481.36651253700256,-0.28482544,
344,482.7808494567871,-0.4571411,
345,484.1948585510254,-0.32143074,
346,485.6119866371155,-0.749318,
347,487.02810287475586,-0.46548173,
348,488.4419860839844,-0.5726825,
349,489.855845451355,-0.34032723,
350,491.00967383384705,-0.49540746,
351,492.8257622718811,-0.5388608,
352,494.2400348186493,-0.61621964,
353,495.658563375473,-0.49347287,
354,497.07351994514465,-0.48078102,
355,498.49372458457947,-0.32067525,
356,499.91007947921753,-0.41265246,
357,501.32775115966797,-0.40507045,
358,502.74824500083923,-0.5205779,
359,504.17071056365967,-0.30280685,
360,505.58402371406555,-0.4570238,
361,507.00216579437256,-0.32013154,
362,508.42167711257935,-0.33675787,
363,509.83961749076843,-0.4564047,
364,511.2568054199219,-0.86427146,
365,512.6740000247955,-0.2370857,
366,514.0912981033325,-0.24128252,
367,515.507086277008,-0.34923407,
368,516.9240393638611,-0.44400272,
369,518.3433802127838,-0.40529087,
370,519.7645533084869,-0.16162252,
371,521.1771986484528,-0.3092449,
372,522.5923094749451,-0.3755759,
373,524.0089228153229,-0.33912537,
374,525.4288432598114,-0.73781216,
375,526.8453588485718,-0.293493,
376,528.2652568817139,-0.24466307,
377,529.6882181167603,-0.2926045,
378,531.1007463932037,-0.5129554,
379,532.5167443752289,-0.13464569,
380,533.9326868057251,-0.42877644,
381,535.3459458351135,-0.30593106,
382,536.7645220756531,-0.2921986,
383,538.1784644126892,-0.21448906,
384,539.5945236682892,-0.22166869,
385,541.0127897262573,-0.62623686,
386,542.4291613101959,-0.5850773,
387,543.8452408313751,-0.4462503,
388,545.2611238956451,-0.3233823,
389,546.6747107505798,-0.39739248,
390,548.0964865684509,-0.4409875,
391,549.5175731182098,-0.6909949,
392,550.931679725647,-0.340309,
393,552.3549740314484,-0.20340991,
394,553.7745833396912,-0.3725121,
395,555.1962308883667,-0.20892152,
396,556.6107385158539,-0.4365051,
397,558.0297300815582,-0.34421962,
398,559.4497182369232,-0.39667428,
399,560.8659369945526,-0.5111691,
400,562.0232684612274,-0.3600262,
401,563.8217754364014,-0.43035814,
402,565.2421123981476,-0.3679881,
403,566.6554362773895,-0.7868242,
404,568.0744841098785,-0.3609831,
405,569.4906241893768,-0.20552605,
406,570.908154964447,-0.49214613,
407,572.3271059989929,-0.61435986,
408,573.7455449104309,-0.19024013,
409,575.1658940315247,-0.90297246,
410,576.5818674564362,-0.31449392,
411,577.9979133605957,-0.32677323,
412,579.4181399345398,-0.22397327,
413,580.838300704956,-0.2628593,
414,582.2556879520416,-0.5475898,
415,583.673609495163,-0.23170528,
416,585.0940744876862,-0.34585077,
417,586.5110042095184,-0.29048547,
418,587.9314975738525,-0.3635211,
419,589.3463931083679,-0.9337542,
420,590.760000705719,-0.3454365,
421,592.1744766235352,-0.365836,
422,593.5936832427979,-0.27353367,
423,595.0123274326324,-0.40290394,
424,596.4291346073151,-0.30852813,
425,597.8477373123169,-0.30355585,
426,599.2652790546417,-0.6199808,
427,600.6856541633606,-0.25358152,
428,602.1013789176941,-0.32860377,
429,603.5179209709167,-0.21217605,
430,604.9361805915833,-0.3174411,
431,606.3569223880768,-0.35479933,
432,607.7690947055817,-0.3160198,
433,609.1875767707825,-0.52686757,
434,610.605920791626,-0.25524366,
435,612.0230257511139,-0.6419395,
436,613.441556930542,-0.28171742,
437,614.8597567081451,-0.122473136,
438,616.283563375473,-0.4512945,
439,617.7115907669067,-0.4031637,
440,619.1419804096222,-0.42421818,
441,620.5604288578033,-0.92158955,
442,621.9778001308441,-0.3024162,
443,623.3966619968414,-0.3355919,
444,624.8184123039246,-0.2514724,
445,626.2372648715973,-0.21950254,
446,627.6555366516113,-0.38259503,
447,629.0726885795593,-0.16587795,
448,630.4900832176208,-0.33372733,
449,631.9081795215607,-0.4233537,
450,633.0678377151489,-0.58040905,
451,634.9082946777344,-0.7674131,
452,636.3247466087341,-0.28894842,
453,637.7426340579987,-0.70541716,
454,639.1643259525299,-0.38599196,
455,640.5826716423035,-0.23494129,
456,642.0008828639984,-0.29871404,
457,643.4196894168854,-0.2936987,
458,644.841274023056,-0.103923455,
459,646.2609961032867,-0.5046437,
460,647.6804916858673,-0.47125238,
461,649.0970690250397,-0.3789586,
462,650.5118262767792,-0.23881899,
463,651.9295926094055,-0.20387176,
464,653.3433582782745,-0.67663735,
465,654.7635371685028,-0.18826091,
466,656.1837730407715,-0.15164566,
467,657.599258184433,-0.13764562,
468,659.0150096416473,-0.33407307,
469,660.4308547973633,-0.6054218,
470,661.8494398593903,-0.48484823,
471,663.2676777839661,-0.27713856,
472,664.6893379688263,-0.31238592,
473,666.1073236465454,-0.46840978,
474,667.5244755744934,-0.205867,
475,668.9397027492523,-0.30109465,
476,670.3553714752197,-0.26785326,
477,671.7745382785797,-0.08973098,
478,673.1914944648743,-0.21403813,
479,674.6110591888428,-0.44791356,
480,676.0319936275482,-0.276071,
481,677.4482173919678,-0.4538031,
482,678.8629295825958,-1.0128082,
483,680.2834386825562,-0.20487092,
484,681.6997933387756,-0.23369932,
485,683.1177341938019,-0.42866075,
486,684.5337643623352,-0.3298539,
487,685.9486446380615,-0.3720252,
488,687.3638961315155,-0.20708862,
489,688.7827935218811,-0.48283902,
490,690.2025496959686,-0.94222456,
491,691.6183779239655,-0.6873644,
492,693.0370032787323,-0.20482416,
493,694.4537663459778,-0.2463791,
494,695.870701789856,-0.27527872,
495,697.2865636348724,-0.3126352,
496,698.70552277565,-0.24607602,
497,700.1221101284027,-0.30509308,
498,701.5437355041504,-0.22665495,
499,702.9590375423431,-0.22358355,
500,704.1159193515778,-0.14976001,
501,705.8762910366058,-0.46014988,
502,707.2911512851715,-0.2640769,
503,708.7052767276764,-0.297253,
504,710.125648021698,-0.6732894,
505,711.5470199584961,-0.13230036,
506,712.9645409584045,-0.4724028,
507,714.3797690868378,-0.25300312,
508,715.7998230457306,-0.40051407,
509,717.2185306549072,-0.17588344,
510,718.6316878795624,-0.17479755,
511,720.0466969013214,-0.20725685,
512,721.4665122032166,-0.37666395,
513,722.8859367370605,-0.4823284,
514,724.304267168045,-0.49979782,
515,725.7238488197327,-0.28052977,
516,727.1415147781372,-0.1878975,
517,728.5551605224609,-0.29758227,
518,729.9712526798248,-0.50896174,
519,731.3891270160675,-0.11863103,
520,732.810818195343,-0.26132601,
521,734.228572845459,-0.51440054,
522,735.646463394165,-0.43205887,
523,737.0604820251465,-0.19520053,
524,738.4825370311737,-0.25447887,
525,739.9002282619476,-0.33626077,
526,741.3162677288055,-0.59806293,
527,742.7314326763153,-0.13954087,
528,744.1441268920898,-0.24765973,
529,745.5628778934479,-0.2730913,
530,746.9788131713867,-0.13381621,
531,748.3977100849152,-0.23174736,
532,749.8136658668518,-0.30268365,
533,751.2280156612396,-0.19302559,
534,752.6431546211243,-0.14851925,
535,754.0623135566711,-0.28154412,
536,755.4777128696442,-0.4575759,
537,756.8939318656921,-0.41587004,
538,758.3137924671173,-0.59169227,
539,759.7308599948883,-0.17881171,
540,761.1514723300934,-0.43830693,
541,762.5691726207733,-0.36452636,
542,763.9927597045898,-0.097075604,
543,765.4059615135193,-0.21910386,
544,766.8253839015961,-0.23737882,
545,768.2422511577606,-0.1845022,
546,769.658186674118,-0.29587725,
547,771.0725028514862,-0.18892221,
548,772.4933099746704,-0.5218797,
549,773.9101474285126,-0.1935752,
550,775.0662591457367,-0.28047892,
551,776.8943591117859,-0.89491403,
552,778.3087148666382,-0.28682122,
553,779.7269833087921,-0.15585998,
554,781.1427917480469,-0.16100127,
555,782.5588285923004,-0.26527786,
556,783.9755880832672,-0.13683537,
557,785.3927984237671,-0.6270602,
558,786.8106727600098,-0.46088755,
559,788.2319085597992,-0.30257174,
560,789.6483271121979,-0.21000916,
561,791.0660147666931,-0.17033735,
562,792.4868113994598,-0.15355763,
563,793.9082772731781,-0.51880836,
564,795.3242862224579,-0.20994088,
565,796.7431180477142,-0.092651814,
566,798.1579947471619,-0.54647684,
567,799.5745747089386,-0.1360778,
568,800.9937210083008,-0.44119442,
569,802.4095656871796,-0.41242844,
570,803.8288018703461,-0.3268832,
571,805.2505931854248,-0.5832828,
572,806.66797041893,-0.67413676,
573,808.0852320194244,-0.22556058,
574,809.5006668567657,-0.51709306,
575,810.9217290878296,-0.2093463,
576,812.3437294960022,-0.2037627,
577,813.7599897384644,-0.17892863,
578,815.1753625869751,-0.14602984,
579,816.5909421443939,-0.08968275,
580,818.0054874420166,-0.18148969,
581,819.4236540794373,-0.15289679,
582,820.8443930149078,-0.23515329,
583,822.2631242275238,-0.07945972,
584,823.678774356842,-0.47754082,
585,825.095052242279,-0.3057299,
586,826.5142140388489,-0.3634188,
587,827.9333288669586,-0.4368851,
588,829.3519539833069,-0.5262225,
589,830.7703227996826,-0.33160236,
590,832.1857740879059,-0.61608243,
591,833.6049773693085,-0.39439303,
592,835.0254292488098,-0.28022134,
593,836.4405462741852,-0.08752714,
594,837.856076002121,-0.24641934,
595,839.270877122879,-0.22526139,
596,840.6850254535675,-0.48690253,
597,842.0989515781403,-0.20223944,
598,843.5183615684509,-0.35541183,
599,844.9363811016083,-0.30238953,
600,846.0967564582825,-0.2818052,
601,847.9004306793213,-0.44585627,
602,849.3223879337311,-0.38652343,
603,850.7399506568909,-0.47412953,
604,852.1680300235748,-0.5553392,
605,853.5901093482971,-0.46938622,
606,855.0116131305695,-0.14135447,
607,856.4287543296814,-0.5681345,
608,857.8502652645111,-0.53709894,
609,859.2676405906677,-0.18842083,
610,860.6830477714539,-0.24705063,
611,862.1010546684265,-0.5739917,
612,863.520191192627,-0.16757193,
613,864.9389545917511,-0.21888793,
614,866.3542904853821,-0.24664046,
615,867.7724280357361,-0.32950526,
616,869.1920258998871,-0.19459234,
617,870.6108648777008,-0.21720432,
618,872.0282001495361,-0.16308582,
619,873.4428162574768,-0.878194,
620,874.8626914024353,-0.5356606,
621,876.2837126255035,-0.42019147,
622,877.7047789096832,-0.5349823,
623,879.1191082000732,-0.31360748,
624,880.5394396781921,-0.20378919,
625,881.9591228961945,-0.4052277,
626,883.3754267692566,-0.1938599,
627,884.7897710800171,-0.29986954,
628,886.2020528316498,-0.4337334,
629,887.6212964057922,-0.1833124,
630,889.0395638942719,-0.28459206,
631,890.4584913253784,-0.23234662,
632,891.8752202987671,-0.13596314,
633,893.2898170948029,-0.24812803,
634,894.7097747325897,-0.20512864,
635,896.1295247077942,-0.27629957,
636,897.5482029914856,-0.3915177,
637,898.9700660705566,-0.33581918,
638,900.3888778686523,-0.55093753,
639,901.8096401691437,-0.16435507,
640,903.2289433479309,-0.44279432,
641,904.6456739902496,-0.092586726,
642,906.0625870227814,-0.086727716,
643,907.480518579483,-0.30557406,
644,908.8997046947479,-0.13823444,
645,910.3154048919678,-0.22963896,
646,911.7316608428955,-0.3958945,
647,913.1473877429962,-0.2401292,
648,914.5680379867554,-0.18643226,
649,915.9834871292114,-0.4374459,
650,917.1429128646851,-0.18762578,
651,918.933620929718,-0.3889404,
652,920.3467059135437,-0.68860537,
653,921.7607381343842,-0.65577644,
654,923.1774003505707,-0.18768252,
655,924.5950839519501,-0.24077961,
656,926.0149526596069,-0.24310309,
657,927.4358377456665,-0.4569537,
658,928.8556108474731,-0.41898644,
659,930.270117521286,-0.34204298,
660,931.6876947879791,-0.26271403,
661,933.1072027683258,-0.14212112,
662,934.525238275528,-0.14899813,
663,935.9415917396545,-0.38401642,
664,937.3596472740173,-0.19077311,
665,938.7752950191498,-0.27346015,
666,940.1912891864777,-0.29894787,
667,941.6063375473022,-0.08943572,
668,943.0278477668762,-0.45693758,
669,944.4423480033875,-0.9638034,
670,945.8585460186005,-0.6060996,
671,947.2765543460846,-0.4034773,
672,948.7017498016357,-0.14947003,
673,950.1187829971313,-0.33578807,
674,951.5355021953583,-0.2566536,
675,952.9571187496185,-0.33626384,
676,954.3727819919586,-1.0078729,
677,955.7927458286285,-0.2808259,
678,957.2137258052826,-0.3017523,
679,958.633707523346,-0.39676818,
680,960.0567882061005,-0.37883586,
681,961.475912809372,-0.23525661,
682,962.8923015594482,-0.34772426,
683,964.3105506896973,-0.18159182,
684,965.7291169166565,-0.20800987,
685,967.1505212783813,-0.4398916,
686,968.5639982223511,-0.3985381,
687,969.9767360687256,-0.37441835,
688,971.4000244140625,-0.3413611,
689,972.823588848114,-0.2829867,
690,974.2440659999847,-0.5740061,
691,975.6640212535858,-0.13194405,
692,977.0837519168854,-0.3568934,
693,978.4981446266174,-0.21203126,
694,979.9176836013794,-0.18383235,
695,981.3341324329376,-0.14903581,
696,982.7523856163025,-0.2506657,
697,984.1733505725861,-0.13575555,
698,985.5925543308258,-0.32906604,
699,987.010623216629,-0.2237029,
700,988.1676721572876,-0.22585727,
701,989.9772639274597,-0.18241346,
702,991.3981726169586,-0.3687831,
703,992.8151638507843,-0.28449005,
704,994.2372348308563,-0.3183065,
705,995.6576766967773,-0.21257223,
706,997.0803139209747,-0.04918243,
707,998.5027182102203,-0.30622187,
708,999.9245617389679,-0.1114195,
709,1001.3472821712494,-0.63814425,
710,1002.7693037986755,-0.22438183,
711,1004.1932897567749,-0.39458013,
712,1005.61044049263,-0.2425743,
713,1007.0323712825775,-0.21545424,
714,1008.454952955246,-0.75150824,
715,1009.8735492229462,-0.2572184,
716,1011.2900977134705,-0.27033263,
717,1012.7105462551117,-0.19837998,
718,1014.1281728744507,-0.22488838,
719,1015.5489737987518,-0.69064665,
720,1016.9687225818634,-0.19314319,
721,1018.3899409770966,-0.6032458,
722,1019.8111228942871,-0.3724951,
723,1021.2297892570496,-0.5697978,
724,1022.646580696106,-0.15460092,
725,1024.0643742084503,-0.2711145,
726,1025.482135772705,-0.21678725,
727,1026.9051759243011,-0.13146561,
728,1028.325710773468,-0.2141874,
729,1029.7499463558197,-0.15056342,
730,1031.1667363643646,-0.2167701,
731,1032.5876495838165,-0.44937277,
732,1034.0047581195831,-0.17844257,
733,1035.423969745636,-0.107367605,
734,1036.841017961502,-0.34353796,
735,1038.2631990909576,-0.42408842,
736,1039.680687904358,-0.13099761,
737,1041.1053349971771,-0.7732428,
738,1042.524603843689,-0.32428437,
739,1043.9421439170837,-0.2855999,
740,1045.3585307598114,-0.7906951,
741,1046.77933883667,-0.21931422,
742,1048.199718952179,-0.10200713,
743,1049.6210811138153,-0.07283901,
744,1051.0418102741241,-0.17706051,
745,1052.464520931244,-0.15246421,
746,1053.8842992782593,-0.3076561,
747,1055.3057928085327,-0.123286225,
748,1056.7197496891022,-0.14680853,
749,1058.139065027237,-0.38172224,
750,1059.2998294830322,-0.15932764,
751,1061.1030151844025,-0.22667503,
752,1062.5208430290222,-0.10359154,
753,1063.9468610286713,-0.4750588,
754,1065.363116979599,-0.41118044,
755,1066.7780420780182,-0.41711205,
756,1068.1959314346313,-0.104472175,
757,1069.6155219078064,-0.32053396,
758,1071.0361950397491,-0.18851823,
759,1072.456438779831,-0.2367093,
760,1073.8750324249268,-0.35616648,
761,1075.2964007854462,-0.019353535,
762,1076.714450120926,-0.18621181,
763,1078.1327226161957,-0.15901516,
764,1079.5521817207336,-0.37471825,
765,1080.9698073863983,-0.43494627,
766,1082.3828446865082,-0.16559607,
767,1083.8019714355469,-0.5731927,
768,1085.2175529003143,-0.24963763,
769,1086.6353631019592,-0.30992553,
770,1088.0565452575684,-0.33354256,
771,1089.4742307662964,-0.22773315,
772,1090.894183397293,-0.18643904,
773,1092.3187675476074,-0.24275772,
774,1093.7322342395782,-0.53581625,
775,1095.1526260375977,-0.21062963,
776,1096.5689041614532,-0.13200569,
777,1097.9878914356232,-0.09990592,
778,1099.4059753417969,-0.2746466,
779,1100.8203036785126,-0.0845285,
780,1102.2363209724426,-0.5093138,
781,1103.6554057598114,-0.17152792,
782,1105.071161031723,-0.14684454,
783,1106.4885303974152,-0.07784334,
784,1107.9072539806366,-0.2263313,
785,1109.331806898117,-0.2639941,
786,1110.7476382255554,-0.16701175,
787,1112.1675310134888,-0.1949244,
788,1113.5865232944489,-0.1949141,
789,1115.0065290927887,-0.22839727,
790,1116.4243681430817,-1.3085241,
791,1117.8433480262756,-0.25979304,
792,1119.259058713913,-0.1710659,
793,1120.6770696640015,-0.1227773,
794,1122.0972006320953,-0.19327311,
795,1123.5085146427155,-0.18668374,
796,1124.9238095283508,-0.17168804,
797,1126.3383960723877,-0.27216578,
798,1127.751580953598,-0.31649,
799,1129.16921210289,-0.2085557,
800,1130.3262116909027,-0.43422362,
801,1132.1128504276276,-0.2891254,
802,1133.5342342853546,-0.50483215,
803,1134.9519305229187,-0.29232284,
804,1136.367672920227,-0.37604725,
805,1137.7807884216309,-0.30343676,
806,1139.1992189884186,-0.22210808,
807,1140.6151404380798,-0.1803269,
808,1142.0358257293701,-0.22541794,
809,1143.4545645713806,-0.5013095,
810,1144.8729722499847,-0.31213462,
811,1146.294909954071,-0.20497377,
812,1147.7175159454346,-0.16270904,
813,1149.1319348812103,-0.23407967,
814,1150.5502762794495,-0.28198698,
815,1151.9716374874115,-0.1675822,
816,1153.3915445804596,-0.20464297,
817,1154.807540655136,-0.31185585,
818,1156.219988822937,-0.15104318,
819,1157.63889336586,-0.23794414,
820,1159.0638983249664,-0.2436242,
821,1160.4804105758667,-0.21008939,
822,1161.8967778682709,-0.12957737,
823,1163.319540977478,-0.2987044,
824,1164.7372403144836,-0.19512615,
825,1166.1523740291595,-0.34919614,
826,1167.5680928230286,-0.26934057,
827,1168.9857807159424,-0.25512946,
828,1170.4034805297852,-0.2819397,
829,1171.8218204975128,-0.23444538,
830,1173.2362678050995,-0.15479393,
831,1174.651683807373,-0.12889583,
832,1176.0734088420868,-0.13295764,
833,1177.4935972690582,-0.18064244,
834,1178.9148230552673,-0.1983405,
835,1180.3307900428772,-0.295696,
836,1181.750162601471,-0.30268002,
837,1183.169320344925,-0.17675722,
838,1184.586997270584,-0.36978102,
839,1186.0083186626434,-0.25615424,
840,1187.4237179756165,-0.3862355,
841,1188.8427629470825,-1.0942516,
842,1190.2655787467957,-0.20118645,
843,1191.6835107803345,-0.29136437,
844,1193.1025879383087,-0.08742423,
845,1194.5219404697418,-0.3115907,
846,1195.939150094986,-0.15405208,
847,1197.355883359909,-0.220076,
848,1198.7749857902527,-0.2923964,
849,1200.191239118576,-0.33777246,
850,1201.3499138355255,-0.7024607,
851,1203.1591408252716,-0.15414403,
852,1204.57563829422,-0.5726726,
853,1205.9926435947418,-0.39500505,
854,1207.4079804420471,-0.679525,
855,1208.8243434429169,-0.1723935,
856,1210.2443056106567,-0.09701533,
857,1211.6660137176514,-0.29814413,
858,1213.0842299461365,-0.17919226,
859,1214.5052659511566,-0.1799008,
860,1215.928872346878,-0.2263519,
861,1217.3459713459015,-0.4155844,
862,1218.7646288871765,-0.29350892,
863,1220.187239408493,-0.092519894,
864,1221.6068840026855,-0.17770705,
865,1223.0226962566376,-0.39836884,
866,1224.443951845169,-0.13321038,
867,1225.8607378005981,-0.23879316,
868,1227.2929661273956,-0.38612077,
869,1228.7142989635468,-0.31538495,
870,1230.1345658302307,-0.5308431,
871,1231.5495715141296,-0.25588834,
872,1232.9702143669128,-0.4331206,
873,1234.3885786533356,-0.361935,
874,1235.8053004741669,-0.6377529,
875,1237.222445487976,-0.20148578,
876,1238.6453778743744,-0.22589476,
877,1240.0649755001068,-0.1506631,
878,1241.486088514328,-0.08994167,
879,1242.9081599712372,-0.1325933,
880,1244.3276674747467,-0.1488501,
881,1245.7471070289612,-0.23827326,
882,1247.167316198349,-0.15182427,
883,1248.5853793621063,-0.17186832,
884,1250.0027987957,-0.26904428,
885,1251.4221398830414,-0.4061244,
886,1252.8405685424805,-0.3699453,
887,1254.2536792755127,-0.3653528,
888,1255.676509141922,-0.18909225,
889,1257.0990018844604,-0.30796093,
890,1258.516887664795,-0.26488075,
891,1259.9371237754822,-0.2893358,
892,1261.356945991516,-0.21118203,
893,1262.7743828296661,-0.2357899,
894,1264.1914422512054,-0.5328458,
895,1265.6108012199402,-0.36177,
896,1267.0287764072418,-0.41106072,
897,1268.4490933418274,-0.09334828,
898,1269.863625049591,-0.22669211,
899,1271.2799406051636,-0.26045224,
900,1272.4392969608307,-0.07257851,
901,1274.2188372612,-0.14210787,
902,1275.6331384181976,-0.33619183,
903,1277.0505347251892,-0.50900453,
904,1278.4767396450043,-0.28135514,
905,1279.8943605422974,-0.07630236,
906,1281.3120386600494,-0.39922726,
907,1282.734234571457,-0.3793211,
908,1284.1592795848846,-0.1154446,
909,1285.5817658901215,-0.18905143,
910,1287.0016248226166,-0.104641356,
911,1288.4188141822815,-0.11850466,
912,1289.8363001346588,-0.1501033,
913,1291.2569947242737,-0.42333457,
914,1292.671814918518,-0.18887573,
915,1294.0923850536346,-0.17910886,
916,1295.5082323551178,-0.17046967,
917,1296.9250390529633,-0.04839158,
918,1298.346521139145,-0.11277719,
919,1299.7682025432587,-0.14546539,
920,1301.184045791626,-0.3064478,
921,1302.6048181056976,-0.26492712,
922,1304.027765750885,-0.22849809,
923,1305.4518435001373,-0.42068875,
924,1306.8706073760986,-0.21901639,
925,1308.2925322055817,-0.40382168,
926,1309.711349248886,-0.4397897,
927,1311.1329979896545,-0.14374894,
928,1312.5544176101685,-0.17859244,
929,1313.9741015434265,-0.15528336,
930,1315.3954179286957,-0.27918637,
931,1316.816508769989,-0.24530277,
932,1318.2381947040558,-0.052029293,
933,1319.6619079113007,-0.12029667,
934,1321.0840764045715,-0.18953347,
935,1322.50434923172,-0.15388936,
936,1323.924208164215,-0.1667482,
937,1325.3447165489197,-0.17486782,
938,1326.7629034519196,-0.32325903,
939,1328.1842186450958,-0.2279487,
940,1329.605768918991,-0.4942031,
941,1331.0282835960388,-1.311348,
942,1332.4484791755676,-0.29003736,
943,1333.8700368404388,-0.12661685,
944,1335.2916853427887,-0.34375876,
945,1336.715666294098,-0.10422486,
946,1338.1339082717896,-0.12578185,
947,1339.5541851520538,-0.1637844,
948,1340.9740040302277,-0.32406914,
949,1342.3923332691193,-0.29124308,
950,1343.554538488388,-0.11070966,
951,1345.3802859783173,-0.17011648,
952,1346.7982840538025,-0.26510406,
953,1348.2188413143158,-0.18674983,
954,1349.6414210796356,-0.12794703,
955,1351.0606219768524,-0.27876258,
956,1352.4832079410553,-0.07283368,
957,1353.9041998386383,-0.55058366,
958,1355.329435825348,-0.46721685,
959,1356.7497556209564,-0.48802745,
960,1358.167195558548,-0.040161613,
961,1359.586317539215,-0.11094555,
962,1361.002646446228,-0.14842124,
963,1362.4296805858612,-0.050906055,
964,1363.8535149097443,-0.5843289,
965,1365.2746007442474,-0.10882524,
966,1366.6931974887848,-0.34298348,
967,1368.115088224411,-0.03541244,
968,1369.5367121696472,-0.40893626,
969,1370.9550442695618,-0.47506368,
970,1372.3712508678436,-0.13330959,
971,1373.7883455753326,-0.38005495,
972,1375.2076041698456,-0.24778196,
973,1376.6272368431091,-0.09239568,
974,1378.0504868030548,-0.21812122,
975,1379.4726753234863,-0.28537032,
976,1380.896513223648,-0.08637397,
977,1382.3160424232483,-0.0856198,
978,1383.7327861785889,-0.52211183,
979,1385.1501984596252,-0.23640099,
980,1386.5715835094452,-0.24995789,
981,1387.9923386573792,-0.35712308,
982,1389.4143583774567,-0.17543988,
983,1390.8362543582916,-0.18556279,
984,1392.2625679969788,-0.058102705,
985,1393.6843044757843,-0.028041452,
986,1395.1055493354797,-0.16430604,
987,1396.5216450691223,-0.4909829,
988,1397.9406154155731,-0.54156846,
989,1399.3628001213074,-0.14121057,
990,1400.7814755439758,-0.74587303,
991,1402.2032158374786,-0.3393301,
992,1403.6227169036865,-0.13366476,
993,1405.0455446243286,-0.1092152,
994,1406.4676885604858,-0.19054055,
995,1407.8859717845917,-0.24654433,
996,1409.3035399913788,-0.1363641,
997,1410.7235338687897,-0.34100455,
998,1412.1429498195648,-0.071812235,
999,1413.5597012043,-0.32750943,
1000,1414.719622850418,-0.20792049,
1001,1416.5052590370178,-0.11049769,
1002,1417.924774646759,-0.45459506,
1003,1419.34299325943,-0.15756428,
1004,1420.760014295578,-0.2364933,
1005,1422.182251214981,-0.14516164,
1006,1423.6093776226044,-0.10125939,
1007,1425.0329847335815,-0.1442768,
1008,1426.4545254707336,-0.23853259,
1009,1427.8721511363983,-0.2743989,
1010,1429.2915380001068,-0.25424042,
1011,1430.711263179779,-0.1670644,
1012,1432.133053779602,-0.17282541,
1013,1433.5574405193329,-0.2264836,
1014,1434.979150056839,-0.18257156,
1015,1436.4029865264893,-0.1731694,
1016,1437.8195540904999,-0.117727034,
1017,1439.2407491207123,-0.07757293,
1018,1440.657663822174,-0.5195864,
1019,1442.0821526050568,-0.23449197,
1020,1443.5011987686157,-0.45247722,
1021,1444.9234900474548,-0.15453729,
1022,1446.3448305130005,-0.15806387,
1023,1447.770444393158,-0.35124788,
1024,1449.192717075348,-0.3171459,
1025,1450.6124811172485,-0.49863854,
1026,1452.0346868038177,-0.08014552,
1027,1453.4616024494171,-0.32872373,
1028,1454.8783922195435,-0.42402852,
1029,1456.2980072498322,-0.7349161,
1030,1457.716450214386,-0.20535353,
1031,1459.1372859477997,-0.32418105,
1032,1460.5601115226746,-0.3913364,
1033,1461.9822182655334,-0.16139714,
1034,1463.4002859592438,-0.26629323,
1035,1464.8203089237213,-0.270761,
1036,1466.2438685894012,-0.21122883,
1037,1467.6637229919434,-0.2143254,
1038,1469.0852239131927,-0.1662341,
1039,1470.5055322647095,-0.28341094,
1040,1471.9300916194916,-0.57022583,
1041,1473.3507115840912,-0.1605605,
1042,1474.7706670761108,-0.122661345,
1043,1476.1900260448456,-0.1430259,
1044,1477.609780073166,-0.39960694,
1045,1479.030080795288,-0.20255944,
1046,1480.448784828186,-0.15911046,
1047,1481.8683121204376,-0.31273577,
1048,1483.2882130146027,-0.74741745,
1049,1484.7082455158234,-0.25353953,
1050,1485.868258714676,-0.18896799,
1051,1487.6546835899353,-0.53781044,
1052,1489.0715413093567,-0.13895859,
1053,1490.4923422336578,-0.08863508,
1054,1491.9138271808624,-0.110976964,
1055,1493.3315501213074,-0.17689939,
1056,1494.7565960884094,-0.117703184,
1057,1496.1759099960327,-0.36150354,
1058,1497.596614599228,-0.009440865,
1059,1499.0150780677795,-0.24129239,
1060,1500.4327306747437,-0.07941191,
1061,1501.8513169288635,-0.084205575,
1062,1503.2733924388885,-0.23560454,
1063,1504.6905589103699,-0.44963175,
1064,1506.1363117694855,-0.3783599,
1065,1507.5442597866058,-0.17720586,
1066,1508.9660725593567,-0.117003076,
1067,1510.3847620487213,-0.18069449,
1068,1511.8072078227997,-0.30090505,
1069,1513.2241508960724,-0.1657298,
1070,1514.6405143737793,-0.36222827,
1071,1516.057154417038,-0.40138143,
1072,1517.4798295497894,-0.5327773,
1073,1518.9036798477173,-0.098311275,
1074,1520.3282227516174,-0.10057063,
1075,1521.7457747459412,-0.5171925,
1076,1523.164150238037,-0.13009436,
1077,1524.5833687782288,-0.12943858,
1078,1526.00164437294,-0.03532882,
1079,1527.420734167099,-0.13246095,
1080,1528.8411226272583,-0.20706564,
1081,1530.2552695274353,-0.360946,
1082,1531.6770853996277,-0.4581468,
1083,1533.096003293991,-0.09389314,
1084,1534.5149643421173,-0.1763729,
1085,1535.9346387386322,-0.24023628,
1086,1537.350757598877,-0.21275984,
1087,1538.7687344551086,-0.25657317,
1088,1540.1870822906494,-0.27353507,
1089,1541.6126501560211,-0.06964556,
1090,1543.03338098526,-0.23223385,
1091,1544.4594023227692,-0.38911515,
1092,1545.8767964839935,-0.03482054,
1093,1547.2954504489899,-0.16620125,
1094,1548.716387271881,-0.12556566,
1095,1550.132707118988,-0.25149858,
1096,1551.5482623577118,-0.14126864,
1097,1552.9669375419617,-0.14783777,
1098,1554.385605096817,-0.24277511,
1099,1555.8061738014221,-0.2729442,
1100,1556.9671573638916,-0.3574573,
1101,1558.7795810699463,-0.23542811,
1102,1560.198754310608,-0.27547762,
1103,1561.6180086135864,-0.118850805,
1104,1563.039381980896,-0.4023844,
1105,1564.461383342743,-0.41205996,
1106,1565.8819785118103,-0.37822148,
1107,1567.301723241806,-0.4438485,
1108,1568.7228691577911,-0.13987109,
1109,1570.1460123062134,-0.36940143,
1110,1571.5629889965057,-0.38389277,
1111,1572.9883360862732,-0.22073525,
1112,1574.4068610668182,-0.102765426,
1113,1575.830563545227,-0.29287198,
1114,1577.2559688091278,-0.1570917,
1115,1578.6773397922516,-0.14711237,
1116,1580.096007823944,-0.2836135,
1117,1581.5158066749573,-0.08592528,
1118,1582.9333720207214,-0.16519132,
1119,1584.3516623973846,-0.45994577,
1120,1585.7761099338531,-0.2809737,
1121,1587.1891446113586,-0.2788802,
1122,1588.611570596695,-0.13147758,
1123,1590.0336096286774,-0.24903789,
1124,1591.4584062099457,-0.083601154,
1125,1592.8749318122864,-0.059305403,
1126,1594.2921512126923,-0.26890716,
1127,1595.7142374515533,-0.14309265,
1128,1597.134173631668,-0.2508003,
1129,1598.5558879375458,-0.09313808,
1130,1599.970615386963,-0.101327665,
1131,1601.3958568572998,-0.29736096,
1132,1602.8185806274414,-0.091870286,
1133,1604.2339007854462,-0.081011035,
1134,1605.6540451049805,-0.18827614,
1135,1607.0776901245117,-0.5300504,
1136,1608.5003924369812,-0.2500964,
1137,1609.9178433418274,-0.16558823,
1138,1611.3365378379822,-0.21013048,
1139,1612.7532782554626,-0.25923625,
1140,1614.1747488975525,-0.1037463,
1141,1615.5991036891937,-0.4556557,
1142,1617.0203745365143,-0.055297222,
1143,1618.4480521678925,-0.116624795,
1144,1619.8669254779816,-0.16499953,
1145,1621.2844364643097,-0.34753102,
1146,1622.7065856456757,-0.23274578,
1147,1624.1295442581177,-0.2750354,
1148,1625.5466439723969,-0.22177245,
1149,1626.9692270755768,-0.24539852,
1150,1628.1320922374725,-0.43322018,
1151,1629.9137291908264,-0.5083579,
1152,1631.3324465751648,-0.28214183,
1153,1632.751986026764,-0.76930517,
1154,1634.1723186969757,-0.33320177,
1155,1635.5905084609985,-0.32233045,
1156,1637.0109207630157,-0.11694035,
1157,1638.4362432956696,-0.10950708,
1158,1639.862080335617,-0.18363333,
1159,1641.3130757808685,-0.15967657,
1160,1642.7329778671265,-0.03210947,
1161,1644.1592237949371,-0.07647735,
1162,1645.5758571624756,-0.054546963,
1163,1646.9957671165466,-0.21620399,
1164,1648.4201817512512,-0.47107804,
1165,1649.842698097229,-0.059139516,
1166,1651.258320093155,-0.30110037,
1167,1652.67959856987,-0.1338023,
1168,1654.1015515327454,-0.38432637,
1169,1655.5172803401947,-0.22490348,
1170,1656.9360647201538,-0.17997491,
1171,1658.3518409729004,-0.16766737,
1172,1659.7721860408783,-0.099018544,
1173,1661.1943094730377,-0.11402639,
1174,1662.6139135360718,-0.2097065,
1175,1664.0320885181427,-0.120759614,
1176,1665.4566719532013,-0.122856386,
1177,1666.8724825382233,-0.14228714,
1178,1668.2909288406372,-0.13932766,
1179,1669.7153704166412,-0.16228575,
1180,1671.1346328258514,-0.25188035,
1181,1672.5525777339935,-0.22307904,
1182,1673.9689848423004,-0.13858703,
1183,1675.389565706253,-0.29349983,
1184,1676.8123326301575,-0.34277308,
1185,1678.2269022464752,-0.214385,
1186,1679.6457078456879,-0.037414238,
1187,1681.0612351894379,-0.27133185,
1188,1682.4849319458008,-0.36995494,
1189,1683.904871225357,-0.352717,
1190,1685.3283445835114,-0.18254635,
1191,1686.7484157085419,-0.22035633,
1192,1688.171558856964,-0.25524336,
1193,1689.5906970500946,-0.20453328,
1194,1691.0127155780792,-0.55836755,
1195,1692.4367196559906,-0.29504406,
1196,1693.855755329132,-0.02147866,
1197,1695.2786059379578,-0.29814276,
1198,1696.6952755451202,-0.24457346,
1199,1698.1141848564148,-0.13609049,
1200,1699.274084329605,-0.32190093,
1201,1701.0668559074402,-0.2579297,
1202,1702.4966869354248,-0.23038472,
1203,1703.9193341732025,-0.27392906,
1204,1705.3408830165863,-0.31258583,
1205,1706.7574200630188,-0.14117008,
1206,1708.1740930080414,-0.28735238,
1207,1709.5932335853577,-0.70125985,
1208,1711.0211415290833,-0.61283314,
1209,1712.4400968551636,-0.19559106,
1210,1713.8575904369354,-0.14979634,
1211,1715.2804746627808,-0.08318285,
1212,1716.7042269706726,-0.31003216,
1213,1718.1183004379272,-0.10865192,
1214,1719.5328450202942,-0.5862828,
1215,1720.9536454677582,-0.23527114,
1216,1722.3742089271545,-0.0652157,
1217,1723.79052400589,-0.18097875,
1218,1725.2083308696747,-0.12502405,
1219,1726.629397392273,-0.10598729,
1220,1728.0493063926697,-0.06662579,
1221,1729.4687359333038,-0.09322335,
1222,1730.887951850891,-0.21269813,
1223,1732.304995059967,-0.37134632,
1224,1733.7227835655212,-0.089777745,
1225,1735.1413264274597,-0.119360745,
1226,1736.5613029003143,-0.2707644,
1227,1737.9822685718536,-0.20074415,
1228,1739.4031209945679,-0.0644049,
1229,1740.8243441581726,-0.28356677,
1230,1742.2423090934753,-0.11529303,
1231,1743.6690847873688,-0.4310438,
1232,1745.0903751850128,-0.20786333,
1233,1746.5114963054657,-0.14212954,
1234,1747.9328820705414,-0.18265839,
1235,1749.3580420017242,-0.34472188,
1236,1750.7767775058746,-0.36060885,
1237,1752.2035319805145,-0.37956595,
1238,1753.6247098445892,-0.3139301,
1239,1755.0432722568512,-0.05828147,
1240,1756.4645178318024,-0.43937692,
1241,1757.8876979351044,-0.27533928,
1242,1759.305502653122,-0.3941126,
1243,1760.7284371852875,-0.20839474,
1244,1762.1528038978577,-0.24875258,
1245,1763.574074268341,-0.34347653,
1246,1765.0011274814606,-0.155387,
1247,1766.4243247509003,-0.084317856,
1248,1767.8451256752014,-0.14828281,
1249,1769.2609050273895,-0.25752336,
1250,1770.4192979335785,-0.16564563,
1251,1772.272833108902,-0.42937827,
1252,1773.6888601779938,-0.2493127,
1253,1775.1044216156006,-0.23894703,
1254,1776.5273690223694,-0.24714202,
1255,1777.9495372772217,-0.3094294,
1256,1779.3711545467377,-0.20297262,
1257,1780.7918756008148,-0.70156276,
1258,1782.2145218849182,-0.20755449,
1259,1783.6391150951385,-0.30195147,
1260,1785.061054944992,-0.37160182,
1261,1786.481246471405,-0.11154235,
1262,1787.9035398960114,-0.03491321,
1263,1789.3226742744446,-0.10346392,
1264,1790.7424063682556,-0.10922713,
1265,1792.1646807193756,-0.45828718,
1266,1793.5829622745514,-0.20454024,
1267,1795.0045552253723,-0.07580547,
1268,1796.4215278625488,-0.2524556,
1269,1797.8410096168518,-0.3305895,
1270,1799.2611272335052,-0.18895267,
1271,1800.6798894405365,-0.28049967,
1272,1802.1006569862366,-0.14019479,
1273,1803.5209951400757,-0.13112023,
1274,1804.9372127056122,-0.09000562,
1275,1806.3528990745544,-0.2918604,
1276,1807.7756023406982,-0.37296298,
1277,1809.1944353580475,-0.123380706,
1278,1810.616005897522,-0.17057452,
1279,1812.0372426509857,-0.5608763,
1280,1813.4635000228882,-0.20166108,
1281,1814.8831610679626,-0.3119276,
1282,1816.3005635738373,-0.23845527,
1283,1817.721291065216,-0.19559321,
1284,1819.1459727287292,-0.15122049,
1285,1820.5660820007324,-0.11133806,
1286,1821.984214067459,-0.17374368,
1287,1823.4035334587097,-0.24005064,
1288,1824.8234634399414,-0.15117115,
1289,1826.2556908130646,-0.15407364,
1290,1827.674570798874,-0.15898483,
1291,1829.092866897583,-0.36922932,
1292,1830.513239145279,-0.03865598,
1293,1831.9329388141632,-0.16454801,
1294,1833.3538060188293,-0.24611092,
1295,1834.7773208618164,-0.255646,
1296,1836.1980910301208,-0.27170995,
1297,1837.6126692295074,-0.35302478,
1298,1839.0460245609283,-0.39528984,
1299,1840.4700639247894,-0.18125653,
1300,1841.6319000720978,-0.160245,
1301,1843.4311254024506,-0.40822726,
1302,1844.8458316326141,-0.16799024,
1303,1846.2611939907074,-0.4775349,
1304,1847.6816246509552,-0.20249325,
1305,1849.1055364608765,-0.07969911,
1306,1850.5219264030457,-0.2556347,
1307,1851.9363901615143,-0.1964722,
1308,1853.357581615448,-0.072097614,
1309,1854.7794115543365,-0.55377525,
1310,1856.1964855194092,-0.26487756,
1311,1857.6176190376282,-0.18727326,
1312,1859.040046930313,-0.13444647,
1313,1860.4631226062775,-0.3731103,
1314,1861.8811552524567,-0.16012986,
1315,1863.2974197864532,-0.18718067,
1316,1864.7135260105133,-0.16744831,
1317,1866.1372878551483,-0.17460857,
1318,1867.5574955940247,-0.21453378,
1319,1868.9774496555328,-0.08406718,
1320,1870.39866232872,-0.013214108,
1321,1871.8188333511353,-0.39973933,
1322,1873.2432725429535,-0.1142905,
1323,1874.6613268852234,-0.11732871,
1324,1876.0804092884064,-0.13109086,
1325,1877.4977133274078,-0.100668386,
1326,1878.9171397686005,-0.41641733,
1327,1880.3353617191315,-0.07156595,
1328,1881.758399963379,-0.2839157,
1329,1883.1763122081757,-0.09594629,
1330,1884.5970296859741,-0.17874898,
1331,1886.0147309303284,-0.19893011,
1332,1887.4346630573273,-0.58564895,
1333,1888.8542456626892,-0.19611622,
1334,1890.2738075256348,-0.09298199,
1335,1891.6961443424225,-0.1583055,
1336,1893.1199371814728,-0.10717592,
1337,1894.5451974868774,-0.37232783,
1338,1895.9646184444427,-0.09402582,
1339,1897.3868005275726,-0.100625016,
1340,1898.806319952011,-0.18447758,
1341,1900.225504875183,-0.32341173,
1342,1901.6450049877167,-0.24341406,
1343,1903.0668060779572,-0.11096868,
1344,1904.48486328125,-0.05575074,
1345,1905.902985572815,-0.07036638,
1346,1907.31897854805,-0.21735314,
1347,1908.7360153198242,-0.14242746,
1348,1910.1568624973297,-0.102149755,
1349,1911.5722682476044,-0.2540142,
1350,1912.735579252243,-0.1333978,
1351,1914.5349695682526,-0.08192821,
1352,1915.9527826309204,-0.13416833,
1353,1917.3740649223328,-0.7065531,
1354,1918.7943031787872,-0.37814304,
1355,1920.2121467590332,-0.06436579,
1356,1921.6358177661896,-0.1704514,
1357,1923.058346271515,-0.1304168,
1358,1924.479333639145,-0.16067007,
1359,1925.9022307395935,-0.31282467,
1360,1927.3195734024048,-0.100310326,
1361,1928.7384264469147,-0.188355,
1362,1930.1580312252045,-0.12415251,
1363,1931.5823771953583,-0.35060564,
1364,1933.002720117569,-0.11484691,
1365,1934.4204275608063,-0.17585969,
1366,1935.8392207622528,-0.13638894,
1367,1937.258864402771,-0.1276212,
1368,1938.6762368679047,-0.27700353,
1369,1940.0906109809875,-0.3245131,
1370,1941.5168039798737,-0.20077509,
1371,1942.938398361206,-0.19407234,
1372,1944.3585302829742,-0.5552914,
1373,1945.7759997844696,-0.16249599,
1374,1947.1882569789886,-0.109720886,
1375,1948.6034796237946,-0.30890864,
1376,1950.0202543735504,-0.26480085,
1377,1951.4407985210419,-0.040830355,
1378,1952.854735136032,-0.12979752,
1379,1954.2700684070587,-0.12660787,
1380,1955.690631389618,-0.10830335,
1381,1957.1133363246918,-0.1077434,
1382,1958.5314133167267,-0.43246034,
1383,1959.951194524765,-0.27141535,
1384,1961.3674852848053,-0.2549398,
1385,1962.7898786067963,-0.13833664,
1386,1964.2085330486298,-0.15942033,
1387,1965.6241977214813,-0.37061968,
1388,1967.0448472499847,-0.081752166,
1389,1968.466933965683,-0.18857622,
1390,1969.8910522460938,-0.07028626,
1391,1971.3095681667328,-0.23282117,
1392,1972.7267179489136,-0.15173388,
1393,1974.1421201229095,-0.17810135,
1394,1975.5649907588959,-0.24441496,
1395,1976.9848139286041,-0.12272136,
1396,1978.4013094902039,-0.17990234,
1397,1979.8218104839325,-0.13380522,
1398,1981.2397289276123,-0.13403495,
1399,1982.660353422165,-0.17900583,
1400,1983.8239040374756,-0.13755135,
1401,1985.6061234474182,-0.15393111,
1402,1987.0221931934357,-0.3525073,
1403,1988.4419617652893,-0.17527674,
1404,1989.8626251220703,-0.3451797,
1405,1991.2872607707977,-0.067390226,
1406,1992.7077841758728,-0.15426849,
1407,1994.1232063770294,-0.13683051,
1408,1995.5441212654114,-0.39250708,
1409,1996.9621076583862,-0.14124665,
1410,1998.3787667751312,-0.14979072,
1411,1999.7929203510284,-0.38204658,
1412,2001.2116329669952,-0.25233617,
1413,2002.6298475265503,-0.18586898,
1414,2004.049381494522,-1.3041692,
1415,2005.4652667045593,-0.44678554,
1416,2006.8880236148834,-0.13857056,
1417,2008.305951833725,-0.20368284,
1418,2009.723759174347,-0.28261572,
1419,2011.1417994499207,-0.3152779,
1420,2012.5629532337189,-0.7819901,
1421,2013.9799764156342,-0.21619977,
1422,2015.4001734256744,-0.05740723,
1423,2016.8209221363068,-0.10123095,
1424,2018.2407710552216,-0.090574615,
1425,2019.6603899002075,-0.083693124,
1426,2021.079228401184,-0.24572867,
1427,2022.4963991641998,-0.18576157,
1428,2023.9131462574005,-0.21657869,
1429,2025.3309342861176,-0.34540492,
1430,2026.749183177948,-0.260571,
1431,2028.1690249443054,-0.21915361,
1432,2029.5869827270508,-0.19692668,
1433,2031.0075747966766,-0.059817813,
1434,2032.4269707202911,-0.1324639,
1435,2033.842979669571,-0.78582823,
1436,2035.2592387199402,-0.16842327,
1437,2036.6874916553497,-0.41046184,
1438,2038.1041243076324,-0.16471593,
1439,2039.5189063549042,-0.13349733,
1440,2040.9374191761017,-0.20879786,
1441,2042.3583920001984,-0.8326515,
1442,2043.7748575210571,-0.19918019,
1443,2045.1887402534485,-0.19852202,
1444,2046.6060218811035,-0.13722427,
1445,2048.0208010673523,-0.20464815,
1446,2049.4424312114716,-0.07491858,
1447,2050.8616404533386,-0.26314777,
1448,2052.2819168567657,-0.2764338,
1449,2053.6977655887604,-0.0153387,
1450,2054.8597843647003,-0.070184566,
1451,2056.6955621242523,-0.33911258,
1452,2058.11114358902,-0.05480311,
1453,2059.5313515663147,-0.20181245,
1454,2060.9534015655518,-0.12482638,
1455,2062.3721301555634,-0.33160612,
1456,2063.7905168533325,-0.13738781,
1457,2065.210389137268,-0.31862518,
1458,2066.629219532013,-0.20356692,
1459,2068.048508167267,-0.12140202,
1460,2069.4690330028534,-0.25516516,
1461,2070.8867852687836,-0.26140493,
1462,2072.303797483444,-0.087413974,
1463,2073.727262735367,-0.084481254,
1464,2075.1420814990997,-0.15360418,
1465,2076.5598933696747,-0.09928153,
1466,2077.978183031082,-0.11138351,
1467,2079.39808511734,-0.11976266,
1468,2080.8145401477814,-0.10874032,
1469,2082.2332224845886,-0.10870917,
1470,2083.653003692627,-0.14074744,
1471,2085.0717236995697,-0.24933837,
1472,2086.494188308716,-0.10624839,
1473,2087.918394804001,-0.22620657,
1474,2089.3370814323425,-0.30152807,
1475,2090.752448797226,-0.3194325,
1476,2092.170006275177,-0.11539628,
1477,2093.5864763259888,-0.16018043,
1478,2095.00306892395,-0.29803932,
1479,2096.4204466342926,-0.28788704,
1480,2097.838672876358,-0.13760397,
1481,2099.253575325012,-0.12159756,
1482,2100.6753466129303,-0.20485753,
1483,2102.092238664627,-0.1506232,
1484,2103.513168334961,-0.07823766,
1485,2104.9316959381104,-0.41534424,
1486,2106.345420360565,-0.14973606,
1487,2107.765809774399,-0.10973517,
1488,2109.1866726875305,-0.21134457,
1489,2110.602110385895,-0.41280043,
1490,2112.0247645378113,-0.7158148,
1491,2113.4469339847565,-0.2215757,
1492,2114.866532564163,-0.20505661,
1493,2116.28475189209,-0.25340247,
1494,2117.7029750347137,-0.07395729,
1495,2119.119695663452,-0.05225338,
1496,2120.542628288269,-0.05215886,
1497,2121.9661417007446,-0.117365785,
1498,2123.387173652649,-0.17633381,
1499,2124.8060891628265,-0.11796365,
1500,2125.9644849300385,-0.09154436,
1501,2127.7795062065125,-0.1829263,
1502,2129.1945106983185,-0.093743354,
1503,2130.614572286606,-0.1419577,
1504,2132.0375332832336,-0.14060764,
1505,2133.459623336792,-0.26012135,
1506,2134.878509044647,-0.07574475,
1507,2136.2999963760376,-0.1832462,
1508,2137.7211668491364,-0.19547477,
1509,2139.1394069194794,-0.2926805,
1510,2140.5623314380646,-0.11732894,
1511,2141.983681678772,-0.0960766,
1512,2143.4028346538544,-0.1083101,
1513,2144.8236889839172,-0.042638905,
1514,2146.240278482437,-0.6015048,
1515,2147.6548466682434,-0.1644743,
1516,2149.070822954178,-0.11349699,
1517,2150.487128019333,-0.27060118,
1518,2151.909364938736,-0.24592455,
1519,2153.3271956443787,-0.29506487,
1520,2154.7497012615204,-0.09107483,
1521,2156.17240190506,-0.039191835,
1522,2157.589983224869,-0.2650536,
1523,2159.0097665786743,-0.19885007,
1524,2160.426954984665,-0.052321427,
1525,2161.847270965576,-0.15400925,
1526,2163.2679936885834,-0.3584322,
1527,2164.686308145523,-0.14191318,
1528,2166.105902671814,-0.11605392,
1529,2167.528463125229,-0.12515083,
1530,2168.9469866752625,-0.24826412,
1531,2170.364533185959,-0.13744101,
1532,2171.783385515213,-0.10110983,
1533,2173.206274032593,-0.101815745,
1534,2174.627202272415,-0.10250065,
1535,2176.048349380493,-0.39022458,
1536,2177.4711334705353,-0.177371,
1537,2178.8879058361053,-0.2594295,
1538,2180.308153629303,-0.15164857,
1539,2181.7272193431854,-0.03792823,
1540,2183.1442692279816,-0.30697304,
1541,2184.5641741752625,-0.1032245,
1542,2185.985347032547,-0.08978411,
1543,2187.403895378113,-0.21089815,
1544,2188.8208289146423,-0.27709883,
1545,2190.2410187721252,-0.1828183,
1546,2191.663298845291,-0.14330849,
1547,2193.085923433304,-0.09342938,
1548,2194.5106251239777,-0.2436817,
1549,2195.92728638649,-0.12275399,
1550,2197.0863835811615,-0.21995308,
1551,2198.8899676799774,-0.05835071,
1552,2200.3093168735504,-0.35393435,
1553,2201.729058742523,-0.12151895,
1554,2203.1482486724854,-0.20712067,
1555,2204.5682775974274,-0.36761323,
1556,2205.9859330654144,-0.15076265,
1557,2207.403837442398,-0.65831494,
1558,2208.8253996372223,-0.13219398,
1559,2210.2436606884003,-0.16756819,
1560,2211.660887002945,-0.27010274,
1561,2213.0756554603577,-0.21847147,
1562,2214.4938888549805,-0.11214642,
1563,2215.9112355709076,-0.36551285,
1564,2217.3302459716797,-0.17552748,
1565,2218.7437331676483,-0.2558846,
1566,2220.1613857746124,-0.06483443,
1567,2221.5804493427277,-0.33760548,
1568,2222.9951360225677,-0.123770304,
1569,2224.416623353958,-0.11026029,
1570,2225.834360599518,-0.31833324,
1571,2227.246324300766,-0.50588113,
1572,2228.663950920105,-0.2647041,
1573,2230.0828099250793,-0.24339439,
1574,2231.5032663345337,-0.29559308,
1575,2232.9260201454163,-0.24010023,
1576,2234.342095851898,-0.2541499,
1577,2235.75834774971,-0.2803009,
1578,2237.176106929779,-0.10253702,
1579,2238.592469930649,-0.109734945,
1580,2240.0108783245087,-0.10121364,
1581,2241.4312047958374,-0.0466226,
1582,2242.8469729423523,-0.068623535,
1583,2244.263748884201,-0.13255134,
1584,2245.680520772934,-0.075982474,
1585,2247.0946052074432,-0.34843874,
1586,2248.5196669101715,-0.08560306,
1587,2249.9384191036224,-0.5497798,
1588,2251.3570885658264,-0.37385556,
1589,2252.775572538376,-0.32556218,
1590,2254.197106361389,-0.091085084,
1591,2255.6161806583405,-0.21199432,
1592,2257.0348546504974,-0.20874396,
1593,2258.45082116127,-0.039649352,
1594,2259.863799095154,-0.23874688,
1595,2261.277339696884,-0.116006,
1596,2262.6979110240936,-0.2577473,
1597,2264.1122052669525,-0.24535361,
1598,2265.5281262397766,-0.15613218,
1599,2266.946316242218,-0.12008664,
1600,2268.101327896118,-0.12823108,
1601,2269.918713092804,-0.83024377,
1602,2271.3341233730316,-0.12009692,
1603,2272.7567870616913,-0.24598774,
1604,2274.173872947693,-0.10419613,
1605,2275.589337825775,-0.41650975,
1606,2277.0075874328613,-0.42167607,
1607,2278.4307873249054,-0.39493638,
1608,2279.8544166088104,-0.08672119,
1609,2281.2693452835083,-0.2174586,
1610,2282.688499689102,-0.5419839,
1611,2284.1087222099304,-0.17017885,
1612,2285.525144815445,-0.08356469,
1613,2286.944952249527,-0.105386116,
1614,2288.361751794815,-0.22676909,
1615,2289.77788233757,-0.33496666,
1616,2291.1965980529785,-0.070820875,
1617,2292.622313261032,-0.13179938,
1618,2294.038052558899,-0.2015427,
1619,2295.45476937294,-0.23165792,
1620,2296.870819568634,-0.2932086,
1621,2298.2883541584015,-0.31090838,
1622,2299.703309774399,-0.0398334,
1623,2301.1179945468903,-0.22047687,
1624,2302.5407543182373,-0.0023858864,
1625,2303.9595363140106,-0.20901507,
1626,2305.3767988681793,-0.35284045,
1627,2306.797725915909,-0.10769741,
1628,2308.2181463241577,-0.14779255,
1629,2309.637788772583,-0.13271353,
1630,2311.058785200119,-0.39330044,
1631,2312.4753687381744,-0.17519903,
1632,2313.892338037491,-0.36721003,
1633,2315.3133895397186,-0.13248116,
1634,2316.730909347534,-0.08864665,
1635,2318.1466875076294,-0.05682217,
1636,2319.564029932022,-0.2843713,
1637,2320.982696056366,-0.20310551,
1638,2322.404866218567,-0.16008945,
1639,2323.8255548477173,-0.31234092,
1640,2325.2448954582214,-0.1793142,
1641,2326.6657547950745,-0.20601091,
1642,2328.085469484329,-0.2144285,
1643,2329.5085711479187,-0.124725774,
1644,2330.928849697113,-0.19184671,
1645,2332.3485515117645,-0.10499396,
1646,2333.770869255066,-0.07768386,
1647,2335.1927354335785,-0.050072655,
1648,2336.612071752548,-0.12575017,
1649,2338.036609172821,-0.14478078,
1650,2339.1984136104584,-0.23907201,
1651,2340.9831478595734,-0.52688533,
1652,2342.407700061798,-0.14747329,
1653,2343.8301074504852,-0.14609185,
1654,2345.2533671855927,-0.35959134,
1655,2346.6722950935364,-0.075333804,
1656,2348.0920898914337,-0.15376714,
1657,2349.5323004722595,-0.29077157,
1658,2350.946691274643,-0.094419576,
1659,2352.3719465732574,-0.1592265,
1660,2353.7960753440857,-0.19935237,
1661,2355.220797777176,-0.6097323,
1662,2356.644137620926,-0.17955458,
1663,2358.062635421753,-0.15291654,
1664,2359.480424642563,-0.29671055,
1665,2360.9020125865936,-0.09603848,
1666,2362.325386285782,-0.13440353,
1667,2363.7483389377594,-0.08270641,
1668,2365.1700587272644,-0.52253926,
1669,2366.5883815288544,-0.21614864,
1670,2368.0076456069946,-0.13169913,
1671,2369.427990436554,-0.12729022,
1672,2370.8457839488983,-0.23765412,
1673,2372.267506122589,-0.08658786,
1674,2373.6889877319336,-0.1991218,
1675,2375.1109178066254,-0.08453021,
1676,2376.532595872879,-0.11505281,
1677,2377.9543912410736,-0.08304912,
1678,2379.367808818817,-0.14828758,
1679,2380.7863869667053,-0.4360097,
1680,2382.2190527915955,-0.11038731,
1681,2383.641663789749,-0.26579064,
1682,2385.0632712841034,-0.0804981,
1683,2386.482538461685,-0.09445614,
1684,2387.9053349494934,-0.086533025,
1685,2389.3259942531586,-0.2949599,
1686,2390.7501270771027,-0.32595918,
1687,2392.1727137565613,-0.0917715,
1688,2393.5926620960236,-0.21265063,
1689,2395.0143642425537,-0.14467236,
1690,2396.44415974617,-0.08671463,
1691,2397.863037586212,-0.12102961,
1692,2399.2834866046906,-0.11933875,
1693,2400.7035915851593,-0.12230799,
1694,2402.123416662216,-0.20617984,
1695,2403.5457270145416,-0.39372116,
1696,2404.964213848114,-0.08201502,
1697,2406.378691673279,-0.1632471,
1698,2407.8005373477936,-0.09667744,
1699,2409.2220096588135,-0.1178633,
1700,2410.3813915252686,-0.4287872,
1701,2412.184282064438,-0.21033952,
1702,2413.603674888611,-0.08593169,
1703,2415.023849248886,-0.077430665,
1704,2416.4499003887177,-0.00872905,
1705,2417.872665166855,-0.21623659,
1706,2419.287202358246,-0.32068178,
1707,2420.711020231247,-0.24019217,
1708,2422.1313891410828,-0.06930457,
1709,2423.550439119339,-0.16623163,
1710,2424.9720129966736,-0.13558638,
1711,2426.393890619278,-0.13229547,
1712,2427.8139317035675,-0.10995006,
1713,2429.233688354492,-0.21381253,
1714,2430.651783466339,-0.37046692,
1715,2432.073679447174,-0.11349493,
1716,2433.4908323287964,-0.19234675,
1717,2434.9099671840668,-0.16841897,
1718,2436.3331105709076,-0.34015596,
1719,2437.7580671310425,-0.006791655,
1720,2439.1788318157196,-0.37215117,
1721,2440.602609395981,-0.2616827,
1722,2442.029437303543,-0.13253528,
1723,2443.44833612442,-0.16624366,
1724,2444.8665256500244,-0.22797543,
1725,2446.2836208343506,-0.16158335,
1726,2447.7112476825714,-0.13821694,
1727,2449.1360902786255,-0.124134116,
1728,2450.553453683853,-0.36969578,
1729,2451.9763078689575,-0.095934406,
1730,2453.397890329361,-0.3217317,
1731,2454.81996011734,-0.4157585,
1732,2456.240479707718,-1.0960424,
1733,2457.6594047546387,-0.10140668,
1734,2459.082869529724,-0.20273392,
1735,2460.5051193237305,-0.35043758,
1736,2461.9246735572815,-0.09309827,
1737,2463.3423454761505,-0.10953415,
1738,2464.763741016388,-0.15296453,
1739,2466.18598818779,-0.17060304,
1740,2467.6038904190063,-0.13988176,
1741,2469.0250918865204,-0.23744653,
1742,2470.4496948719025,-0.087381616,
1743,2471.864077091217,-0.2437686,
1744,2473.2825121879578,-0.09697597,
1745,2474.701618909836,-0.41594458,
1746,2476.116063117981,-0.096601136,
1747,2477.536511659622,-0.1903818,
1748,2478.9547266960144,-0.32995856,
1749,2480.3750162124634,-0.16369617,
1750,2481.5352017879486,-0.093170226,
1751,2483.335026741028,-0.059076104,
1752,2484.7512624263763,-0.081793904,
1753,2486.1711506843567,-0.22188959,
1754,2487.5945389270782,-0.23313543,
1755,2489.0148134231567,-0.20301993,
1756,2490.4307839870453,-0.059561264,
1757,2491.8503518104553,-0.27552944,
1758,2493.26659488678,-0.3661997,
1759,2494.681010723114,-0.1837894,
1760,2496.0976581573486,-0.185417,
1761,2497.5170233249664,-0.17714718,
1762,2498.934896707535,-0.044445604,
1763,2500.351548910141,-0.19283935,
1764,2501.769012451172,-0.39405283,
1765,2503.183312177658,-0.16388181,
1766,2504.6002802848816,-0.20564699,
1767,2506.016849756241,-0.19984819,
1768,2507.4333453178406,-0.10774242,
1769,2508.852563858032,-0.08294252,
1770,2510.269628047943,-0.123680115,
1771,2511.682943344116,-0.28921744,
1772,2513.095672607422,-0.10271399,
1773,2514.5145530700684,-0.2370497,
1774,2515.932318210602,-0.08222151,
1775,2517.3481640815735,-0.047984954,
1776,2518.7629380226135,-0.21229905,
1777,2520.1767337322235,-0.13460863,
1778,2521.5912029743195,-0.20534272,
1779,2523.0072090625763,-0.12584126,
1780,2524.4231379032135,-0.19679973,
1781,2525.8424508571625,-0.07673519,
1782,2527.261708021164,-0.67113334,
1783,2528.672608613968,-0.13660079,
1784,2530.0936257839203,-0.110983595,
1785,2531.5075953006744,-0.2785098,
1786,2532.922512292862,-0.24128355,
1787,2534.338520526886,-0.118279405,
1788,2535.7558839321136,-0.40687424,
1789,2537.1694028377533,-0.28539526,
1790,2538.5851736068726,-0.4090163,
1791,2540.0018322467804,-0.12983632,
1792,2541.4171736240387,-0.17331854,
1793,2542.8289079666138,-0.36264154,
1794,2544.2442758083344,-0.18334422,
1795,2545.661351919174,-0.09908477,
1796,2547.074070215225,-0.18491384,
1797,2548.492418050766,-0.13410348,
1798,2549.9119081497192,-0.22377373,
1799,2551.3262991905212,-0.08505814,
1800,2552.483972787857,-0.21022177,
1801,2554.2995281219482,-0.11884313,
1802,2555.7110283374786,-0.16808753,
1803,2557.1295733451843,-0.15132168,
1804,2558.547179698944,-0.22451054,
1805,2559.9623551368713,-0.37012103,
1806,2561.3774695396423,-0.15225591,
1807,2562.7985928058624,-0.1265355,
1808,2564.2133779525757,-0.25554925,
1809,2565.6291122436523,-0.21013218,
1810,2567.0427873134613,-0.18703173,
1811,2568.461709022522,-0.50175726,
1812,2569.8757174015045,-0.14474593,
1813,2571.296238899231,-0.08360469,
1814,2572.715794801712,-0.40520298,
1815,2574.131879091263,-0.15553999,
1816,2575.5471556186676,-0.1393498,
1817,2576.964017391205,-0.121407874,
1818,2578.373854160309,-0.65834916,
1819,2579.792749404907,-0.2212063,
1820,2581.2102315425873,-0.24389467,
1821,2582.6265108585358,-0.24674667,
1822,2584.0442147254944,-0.052904956,
1823,2585.4600174427032,-0.21423411,
1824,2586.8698120117188,-0.08320277,
1825,2588.2846376895905,-0.2518891,
1826,2589.7018299102783,-0.261949,
1827,2591.1112859249115,-0.23618224,
1828,2592.5320959091187,-0.09775977,
1829,2593.950876235962,-0.14241597,
1830,2595.363678216934,-0.18703134,
1831,2596.777102947235,-0.2557826,
1832,2598.194688796997,-0.48016372,
1833,2599.610431432724,-0.12316631,
1834,2601.0242726802826,-0.22023377,
1835,2602.4404339790344,-0.26053932,
1836,2603.857406139374,-0.10007781,
1837,2605.2714397907257,-0.10260782,
1838,2606.6838829517365,-0.114953846,
1839,2608.0990538597107,-0.16322121,
1840,2609.5181794166565,-0.08514094,
1841,2610.9340829849243,-0.20212515,
1842,2612.3486728668213,-0.10899011,
1843,2613.7675371170044,-0.13182282,
1844,2615.181740760803,-0.32541192,
1845,2616.5988783836365,-0.078438446,
1846,2618.0121450424194,-0.24914052,
1847,2619.4283175468445,-0.07504241,
1848,2620.8401749134064,-0.1394027,
1849,2622.261783361435,-0.12633458,
1850,2623.4182901382446,-0.18126573,
1851,2625.208780527115,-0.057913493,
1852,2626.621794462204,-0.20519844,
1853,2628.043692111969,-0.25393385,
1854,2629.465670824051,-0.20921355,
1855,2630.885903120041,-0.10466476,
1856,2632.3022196292877,-0.49306804,
1857,2633.721759557724,-0.20400964,
1858,2635.1440715789795,-0.35199967,
1859,2636.5635738372803,-0.22089098,
1860,2637.982235431671,-0.18988034,
1861,2639.400486946106,-1.0107276,
1862,2640.8234102725983,-0.07136341,
1863,2642.24228310585,-0.06950099,
1864,2643.6618032455444,-0.26345623,
1865,2645.0826857089996,-0.1246687,
1866,2646.5063767433167,-0.17115292,
1867,2647.923614025116,-0.10523511,
1868,2649.3435056209564,-0.2324525,
1869,2650.76251244545,-0.37061888,
1870,2652.1898996829987,-0.503095,
1871,2653.6117885112762,-0.17079455,
1872,2655.0359270572662,-0.120682515,
1873,2656.4528086185455,-0.29426864,
1874,2657.8694400787354,-0.13299935,
1875,2659.290629863739,-0.23110697,
1876,2660.7116091251373,-0.11223272,
1877,2662.1344788074493,-0.073776215,
1878,2663.5541644096375,-0.15809351,
1879,2664.973762989044,-0.42880803,
1880,2666.4069299697876,-0.12060709,
1881,2667.8269214630127,-0.21275286,
1882,2669.2429628372192,-0.49730137,
1883,2670.664792776108,-0.12824446,
1884,2672.0831673145294,-0.13128975,
1885,2673.5066995620728,-0.17495847,
1886,2674.927807331085,-0.08652296,
1887,2676.3463230133057,-0.29299113,
1888,2677.767482995987,-0.26746935,
1889,2679.1870834827423,-0.15279277,
1890,2680.6009163856506,-1.5358274,
1891,2682.0225868225098,-0.15579076,
1892,2683.4419705867767,-0.22442591,
1893,2684.86505150795,-0.15477158,
1894,2686.28311753273,-0.078264,
1895,2687.7086293697357,-0.21059975,
1896,2689.1308188438416,-0.11153611,
1897,2690.551768541336,-0.052313693,
1898,2691.9751613140106,-0.23767173,
1899,2693.3943626880646,-0.20565009,
1900,2694.556312561035,-0.14737895,
1901,2696.355841398239,-0.45610604,
1902,2697.7770874500275,-0.13063794,
1903,2699.1990621089935,-0.075419344,
1904,2700.6197719573975,-0.17034668,
1905,2702.043601036072,-0.053453095,
1906,2703.461884021759,-0.09796075,
1907,2704.8813292980194,-0.17707124,
1908,2706.2978160381317,-0.104490966,
1909,2707.71950340271,-0.24907458,
1910,2709.147467851639,-0.09119857,
1911,2710.5663726329803,-0.16991337,
1912,2711.9850628376007,-0.15565225,
1913,2713.4109218120575,-0.12890148,
1914,2714.8380224704742,-0.3106337,
1915,2716.25555062294,-0.2944727,
1916,2717.671493291855,-0.028662983,
1917,2719.092895746231,-0.114441425,
1918,2720.512139081955,-0.18223345,
1919,2721.928970813751,-0.44242108,
1920,2723.348194360733,-0.14411375,
1921,2724.77189040184,-0.11377238,
1922,2726.195997953415,-0.16287921,
1923,2727.612667798996,-0.17763284,
1924,2729.0313324928284,-0.16838196,
1925,2730.4520015716553,-0.12592128,
1926,2731.8719339370728,-0.25614363,
1927,2733.293344974518,-0.1064681,
1928,2734.71390914917,-0.36496994,
1929,2736.134505033493,-0.18016563,
1930,2737.5542616844177,-0.20073098,
1931,2738.975189447403,-0.2466474,
1932,2740.3909690380096,-0.16513292,
1933,2741.806992292404,-0.031075235,
1934,2743.2267594337463,-0.49524918,
1935,2744.6452181339264,-0.40241218,
1936,2746.0591843128204,-0.12622494,
1937,2747.4766659736633,-0.28000426,
1938,2748.8924124240875,-0.2673686,
1939,2750.311390399933,-0.19830833,
1940,2751.73060464859,-0.24017741,
1941,2753.148723602295,-0.29222918,
1942,2754.566015958786,-0.1193607,
1943,2755.979987859726,-0.06837952,
1944,2757.3947973251343,-0.15322652,
1945,2758.8132791519165,-0.099508375,
1946,2760.2272505760193,-0.096367,
1947,2761.64541554451,-0.1448263,
1948,2763.0644307136536,-0.02136353,
1949,2764.482365131378,-0.32951766,
1950,2765.641280889511,-0.13923737,
1951,2767.4117727279663,-0.3085342,
1952,2768.829833984375,-0.104879044,
1953,2770.2518231868744,-0.18918057,
1954,2771.6707215309143,-0.16672264,
1955,2773.093745470047,-0.08708849,
1956,2774.5143387317657,-0.24193522,
1957,2775.9360513687134,-0.2502614,
1958,2777.35307264328,-0.056472518,
1959,2778.777727842331,-0.42559558,
1960,2780.1981353759766,-0.15938456,
1961,2781.6201519966125,-0.22510074,
1962,2783.0435650348663,-0.050636243,
1963,2784.4718046188354,-0.22717683,
1964,2785.889494419098,-0.08733724,
1965,2787.3115220069885,-0.16013078,
1966,2788.733075618744,-0.12920791,
1967,2790.152260541916,-0.1187696,
1968,2791.5750727653503,-0.06662585,
1969,2792.997035741806,-0.24171478,
1970,2794.415046453476,-0.31136167,
1971,2795.835148334503,-0.047902294,
1972,2797.2569794654846,-0.08295322,
1973,2798.676829814911,-0.16203988,
1974,2800.1023404598236,-0.12013712,
1975,2801.522272825241,-0.108343326,
1976,2802.9492049217224,-0.14798649,
1977,2804.3717238903046,-0.044337012,
1978,2805.7889506816864,-0.07263018,
1979,2807.2094094753265,-0.11637351,
1980,2808.63081240654,-0.12590662,
1981,2810.0486040115356,-0.23853716,
1982,2811.4703977108,-0.08617122,
1983,2812.891115427017,-0.08593595,
1984,2814.3106784820557,-0.098077916,
1985,2815.7319009304047,-0.13728036,
1986,2817.153963804245,-0.12005862,
1987,2818.5741517543793,-0.09716656,
1988,2819.9975950717926,-0.1930565,
1989,2821.422316789627,-0.13033782,
1990,2822.8440639972687,-0.2741773,
1991,2824.262487888336,-0.23434874,
1992,2825.691630125046,-0.11893578,
1993,2827.118133544922,-0.21274203,
1994,2828.54048871994,-0.34832025,
1995,2829.9617512226105,-0.06254874,
1996,2831.379840373993,-0.10826332,
1997,2832.803334712982,-0.108703606,
1998,2834.230299472809,-0.10995522,
1999,2835.6460773944855,-0.1617817,
